Year,Afghanistan,Africa Eastern and Southern,Africa Western and Central,Albania,Algeria,Angola,Arab World,Argentina,Armenia,Australia,Austria,Azerbaijan,"Bahamas, The",Bahrain,Bangladesh,Barbados,Belarus,Belgium,Belize,Benin,Bhutan,Bolivia,Bosnia and Herzegovina,Botswana,Brazil,Brunei Darussalam,Bulgaria,Burkina Faso,Burundi,Cabo Verde,Cambodia,Cameroon,Canada,Caribbean small states,Central African Republic,Central Europe and the Baltics,Chad,Channel Islands,Chile,China,Colombia,Comoros,"Congo, Dem. Rep.","Congo, Rep.",Costa Rica,Cote d'Ivoire,Croatia,Cuba,Cyprus,Czechia,Denmark,Djibouti,Dominican Republic,Early-demographic dividend,East Asia & Pacific,East Asia & Pacific (IDA & IBRD countries),East Asia & Pacific (excluding high income),Ecuador,"Egypt, Arab Rep.",El Salvador,Equatorial Guinea,Eritrea,Estonia,Eswatini,Ethiopia,Euro area,Europe & Central Asia,Europe & Central Asia (IDA & IBRD countries),Europe & Central Asia (excluding high income),European Union,Fiji,Finland,France,French Polynesia,Gabon,"Gambia, The",Georgia,Germany,Ghana,Greece,Guam,Guatemala,Guinea,Guinea-Bissau,Guyana,Haiti,Heavily indebted poor countries (HIPC),High income,Honduras,"Hong Kong SAR, China",Hungary,IBRD only,IDA & IBRD total,IDA blend,IDA only,IDA total,Iceland,India,Indonesia,"Iran, Islamic Rep.",Iraq,Ireland,Israel,Italy,Jamaica,Japan,Jordan,Kazakhstan,Kenya,"Korea, Dem. People's Rep.","Korea, Rep.",Kuwait,Kyrgyz Republic,Lao PDR,Late-demographic dividend,Latin America & Caribbean,Latin America & Caribbean (excluding high income),Latin America & the Caribbean (IDA & IBRD countries),Latvia,Least developed countries: UN classification,Lebanon,Lesotho,Liberia,Libya,Lithuania,Low & middle income,Low income,Lower middle income,Luxembourg,"Macao SAR, China",Madagascar,Malawi,Malaysia,Maldives,Mali,Malta,Mauritania,Mauritius,Mexico,"Middle East, North Africa, Afghanistan & Pakistan","Middle East, North Africa, Afghanistan & Pakistan (IDA & IBRD)","Middle East, North Africa, Afghanistan & Pakistan (excluding high income)",Middle income,Moldova,Mongolia,Montenegro,Morocco,Mozambique,Myanmar,Namibia,Nepal,Netherlands,New Caledonia,New Zealand,Nicaragua,Niger,Nigeria,North America,North Macedonia,Norway,OECD members,Oman,Other small states,Pacific island small states,Pakistan,Panama,Papua New Guinea,Paraguay,Peru,Philippines,Poland,Portugal,Post-demographic dividend,Pre-demographic dividend,Puerto Rico (US),Qatar,Romania,Russian Federation,Rwanda,Samoa,Sao Tome and Principe,Saudi Arabia,Senegal,Serbia,Sierra Leone,Singapore,Slovak Republic,Slovenia,Small states,Solomon Islands,"Somalia, Fed. Rep.",South Africa,South Asia,South Asia (IDA & IBRD),South Sudan,Spain,Sri Lanka,St. Lucia,St. Vincent and the Grenadines,Sub-Saharan Africa,Sub-Saharan Africa (IDA & IBRD countries),Sub-Saharan Africa (excluding high income),Sudan,Suriname,Sweden,Switzerland,Syrian Arab Republic,Tajikistan,Tanzania,Thailand,Timor-Leste,Togo,Tonga,Trinidad and Tobago,Tunisia,Turkiye,Turkmenistan,Uganda,Ukraine,United Arab Emirates,United Kingdom,United States,Upper middle income,Uruguay,Uzbekistan,Vanuatu,"Venezuela, RB",Viet Nam,Virgin Islands (U.S.),West Bank and Gaza,World,"Yemen, Rep.",Zambia,Zimbabwe
1991,7.972,8.05080898877577,4.15800759981861,10.304,20.6,16.816,11.9097573121416,5.44,1.774,9.586,3.42,0.9,12.17,1.047,2.2,22.41,0.6,6.984,9.647,1.637,1.381,2.935,17.55,13.82,6.887,4.7,11.1,2.467,3.147,13.527,0.768,8.986,10.316,16.3249606471741,5.697,9.5754583965422,0.668,5.679,5.23,2.37,10.12,4.795,3.272,19.911,5.37,6.595,11.14,8.306,3.0,2.27,9.099,26.118,6.863,6.27795263088707,2.45960141823164,2.4073196083798,2.41390623885303,4.371,9.38,7.53,6.677,5.129,1.468,20.521,3.284,8.38151659365943,6.89908680494163,5.90955131197024,4.47175276094931,8.58619358196168,4.618,6.503,9.134,11.591,17.224,9.778,2.7,5.316,3.489,7.572,3.509,2.197,4.56,3.009,12.092,7.329,5.1214478571728,6.58341693713519,4.58,1.8,8.5,4.94818008732479,4.80295800663217,3.23945543564595,4.5538366153913,4.10695219284381,2.548,7.641,2.617,11.1,8.639,15.771,13.387,10.097,6.233,2.059,21.439,0.9,2.78,2.845,2.407,0.884,1.0,2.497,3.66023223286086,6.30995748550306,6.1915169401315,6.18499961502329,2.7,4.54804656662586,8.594,15.495,2.735,18.601,1.1,4.64961574191654,4.81357204866185,6.27763808108202,1.482,3.01,6.169,4.9,3.7,0.788,1.399,6.335,9.971,9.493,3.145,7.96325856391227,8.03168197869505,8.04281882929149,4.63827281318284,1.9,5.665,30.118,13.502,2.838,0.828,19.14,10.465,7.285,18.124,10.614,7.909,1.588,3.831,7.16085104908465,24.5,5.407,6.78453649835212,4.056,7.94216805267713,3.87708909176688,0.596,6.443,2.793,5.1,4.926,3.727,13.621,3.919,6.30420825660087,5.34568002926235,16.18,0.87,8.23,5.11,12.335,2.1,14.493,7.316,2.861,13.371,4.135,2.18,12.1,7.08,9.56063404717749,1.967,19.003,23.137,7.24315545951345,7.24315545951344,12.334,15.929,14.661,16.521,19.77,6.43917335186611,6.43917335186611,6.43917335186611,15.619,17.189,3.243,1.818,6.75,1.823,3.6,2.63,3.453,4.057,1.348,18.52,15.935,8.21,1.4,3.448,1.9,1.629,8.55,6.8,3.77649413780259,8.95,1.9,7.976,9.45,2.14,10.917,10.666,5.11944100527764,8.428,18.9,4.793
1992,7.958,8.15827337351447,4.24675578183281,30.007,24.38,16.959,12.1536912884058,6.36,1.8,10.733,3.59,1.8,14.81,0.968,2.233,22.94,3.1,6.702,9.654,1.51,1.391,3.03,18.477,16.33,7.086,4.791,15.3,2.505,3.131,13.428,0.748,9.055,11.197,17.043855044918,5.825,10.1959798130274,0.658,6.121,4.35,2.37,9.44,4.528,3.372,19.916,3.93,6.7,10.974,8.779,2.09,2.6,9.027,26.457,6.669,6.34783715467962,2.45298512544046,2.37576826157152,2.38330583983105,4.333,8.92,7.88,6.878,5.297,3.681,20.947,3.416,9.07940377823132,7.50363987800311,6.36813427704303,5.26992299704434,9.23104957739059,4.64,11.595,10.203,11.724,17.716,9.888,5.4,6.323,4.7,8.927,3.837,2.163,4.58,3.083,11.9,7.387,5.23141741602695,7.07155147049588,3.06,1.96,9.942,5.00864134602565,4.86120657901686,3.31106342065644,4.6045389592349,4.1634419391715,4.305,7.649,2.734,10.653,8.346,15.021,14.08,9.321,6.383,2.158,19.947,1.0,2.894,2.875,2.513,0.878,1.1,2.71,3.67499973475162,6.30385369925644,6.21454819166058,6.16195847363912,6.6,4.60773579214704,8.225,15.448,2.724,18.828,1.2,4.70736948474443,4.88546517773896,6.27342538151348,2.029,2.196,6.275,5.064,3.71,0.789,1.483,6.333,10.052,9.428,3.235,8.07196382177059,8.14685219721253,8.15777841491164,4.69492774360074,3.7,5.857,30.181,13.781,3.028,0.796,18.896,10.473,5.555,18.61,10.667,7.809,1.569,3.79,7.87315728585848,26.3,5.91,7.26896398956244,4.16,8.54155735284872,3.87633861318752,0.587,6.317,2.608,4.98,5.068,3.849,13.645,3.985,6.91243365569707,5.38652663390759,16.93,0.87,8.26,5.181,12.114,2.439,14.65,7.2,2.928,13.397,4.376,3.09,12.185,7.83,10.138175676572,1.851,19.377,23.463,7.23871666924301,7.23871666924301,12.374,17.697,14.22,16.549,19.558,6.53438914473603,6.53438914473603,6.53438914473603,15.668,17.28,5.722,2.344,6.949,1.85,3.683,1.35,3.36,4.209,1.349,19.66,15.598,8.509,1.5,3.553,1.9,1.715,9.772,7.5,3.85487912986685,8.96,2.9,7.945,7.69,2.109,11.088,10.692,5.27553525015329,8.351,19.568,4.933
1993,7.908,8.15590989808314,4.36682360679359,25.251,26.23,17.44,12.9097459716624,10.1,5.3,10.879,4.25,4.5,12.72,0.882,2.31,24.54,8.5,8.078,9.78,1.494,1.418,3.05,19.408,18.761,6.03,4.903,16.4,2.426,3.094,13.276,0.733,9.154,11.377,16.8394643774493,5.897,11.6885817374484,0.7,7.082,4.49,2.69,7.8,4.571,3.45,19.99,3.95,5.869,10.779,9.27,2.7,4.349,10.719,27.253,6.322,6.52253587521998,2.70801641148741,2.62936653616558,2.63468153816686,4.403,10.92,9.94,7.024,5.387,6.544,21.76,3.252,10.824111215694,8.65755617021955,7.0346645065866,5.93307208181572,10.8519435596734,4.694,16.201,11.32,11.778,17.78,9.917,5.4,7.675,5.231,10.177,5.527,2.133,4.561,3.143,11.617,7.534,5.22675203435376,7.65008059126222,3.098,1.96,12.098,5.23619365659646,5.06310746460889,3.53024916447056,4.63100459582108,4.25598155506278,5.257,7.662,2.782,10.573,8.36,15.571,12.741,10.212,6.235,2.539,19.7,1.11,2.979,2.98,2.878,0.8,1.258,2.732,3.88855373414191,6.07134108681392,5.96815199708885,5.9122489733434,16.7,4.62748511493303,8.226,15.568,2.706,19.006,13.8,4.88809600890194,4.87614750873397,6.39480966561725,2.33,2.057,6.317,4.988,4.11,0.796,1.419,6.332,9.85,9.5,3.365,8.52874979745686,8.68160187265869,8.6904598679539,4.88893972820073,3.7,5.859,30.238,14.026,2.896,0.779,19.078,10.492,6.287,18.762,9.804,7.833,1.541,4.023,7.34989291267264,27.7,5.965,7.76186074581727,4.009,9.40750422047572,3.93673769020559,0.596,6.374,2.382,5.06,4.795,3.869,14.393,5.301,7.5103906033007,5.45794091503848,16.91,0.87,8.251,5.883,12.155,2.689,14.46,7.002,2.878,13.416,4.401,3.07,12.2,8.51,10.6575821130902,1.829,19.331,23.361,7.24980061619164,7.24980061619164,12.233,22.156,13.82,16.8,19.681,6.57993534604531,6.57993534604531,6.57993534604531,15.51,15.64,9.33,3.551,7.4,2.65,3.892,1.49,3.273,4.507,1.3,19.81,15.948,8.962,1.5,3.487,2.0,1.901,10.346,6.9,4.07605395620867,8.35,4.9,8.262,6.6,2.037,11.187,10.705,5.54366000199437,8.343,19.7,4.993
1994,7.883,8.02210049864685,4.39040299907666,20.835,27.74,17.444,13.012183394794,11.76,6.6,9.724,3.535,6.3,13.83,1.007,2.37,22.98,12.8,9.645,11.1,1.453,1.405,3.08,20.17,21.2,6.579,5.007,12.8,2.58,3.106,12.936,0.996,8.878,10.395,16.1154342863252,5.924,11.5568158799985,0.709,7.235,5.87,2.9,8.25,4.566,3.403,20.269,4.05,5.046,10.364,8.806,2.7,4.284,8.036,27.118,6.285,6.75830009709217,2.97684115736109,2.93069940629993,2.93314445248656,4.409,10.93,7.68,7.123,5.446,7.561,21.726,3.1,11.7623069320318,9.65148359317699,8.4016596302501,7.15598913122265,11.5479115718761,4.598,16.426,12.593,11.98,17.804,10.044,8.4,8.727,5.9,9.808,7.6,2.12,4.527,3.173,11.534,7.858,5.16826884648105,7.91329164341291,3.138,1.9,10.847,5.61775478445955,5.37943678872026,3.65543950397293,4.60835780229788,4.28332395491799,5.326,7.593,4.366,10.458,8.221,14.544,9.934,11.086,6.335,2.89,16.894,7.54,2.955,3.092,2.476,0.7,1.41,2.634,4.30063275796876,6.67780065279213,6.58753832638945,6.56680800344838,18.7,4.60128459329896,8.321,15.62,2.652,19.328,13.8,5.13860302652086,4.85411582388363,6.41400336594453,3.479,2.48,6.106,5.368,3.64,0.793,1.512,6.331,9.979,9.513,4.436,8.52159746477789,8.74589375449375,8.75493973614969,5.15883351064485,5.8,5.709,30.226,13.858,2.879,0.739,19.4,10.458,7.159,18.878,8.354,7.668,1.502,4.064,6.54555954314501,30.0,5.349,7.8347445928305,4.073,9.57430196742702,3.90359689716017,0.601,6.428,2.418,4.41,4.491,3.767,14.825,6.709,7.50942275337142,5.42353591142816,14.6,0.87,8.17,8.131,12.236,2.999,14.41,6.733,2.947,13.405,4.457,3.03,13.654,8.24,10.5872265992528,1.804,19.971,23.067,7.18007906379825,7.18007906379825,12.326,24.209,13.03,17.0,19.974,6.50949329587814,6.50949329587814,6.50949329587814,15.617,12.7,9.58,3.58,7.5,3.15,3.861,1.347,3.309,4.201,1.688,18.44,16.006,8.577,4.7,3.458,2.0,1.834,9.648,6.119,4.47359398210564,9.04,7.3,8.083,8.56,1.972,10.959,10.778,5.78928276777345,8.34,18.689,4.96
1995,7.868,7.77389399169686,4.39327114704215,14.607,31.84,16.978,13.5049205239265,18.8,6.7,8.473,4.345,7.2,10.83,1.044,2.441,19.66,17.7,9.337,12.48,1.305,1.4,2.664,20.944,21.394,7.092,5.066,11.1,2.532,3.095,12.883,0.973,8.598,9.489,14.6507674227641,5.871,11.0167295576433,0.755,6.974,4.7,3.0,8.72,4.675,3.285,20.226,5.18,4.1,10.007,8.27,2.6,4.082,6.992,27.303,6.439,7.03393456293223,3.05225354598453,3.01496053849378,3.01646156806726,4.408,11.04,7.65,7.16,5.349,9.659,21.65,3.005,11.4116470422155,9.9311190228704,9.38897907204676,8.5598066611286,11.109236245509,4.651,17.005,11.834,11.941,17.388,10.153,7.6,8.158,6.484,10.116,7.9,2.117,4.494,3.126,11.566,7.51,4.98419036566327,7.72020926863037,3.24,3.22,10.168,5.93858823293218,5.63094435698265,3.69403538353833,4.50786196999695,4.23083213718091,5.196,7.57,4.611,9.904,8.431,11.97,8.782,11.661,6.325,3.15,14.6,10.98,2.848,3.114,2.063,0.694,1.539,2.6,4.47531718027035,7.90486804676992,7.93017657774393,7.85357644180886,19.0,4.49969126881535,8.421,15.797,2.588,19.331,17.54,5.3751051711057,4.74963493906807,6.4322803351256,2.918,3.581,6.092,4.895,3.15,0.79,1.464,6.33,9.766,9.59,7.095,8.74623216428901,9.03428655097015,9.04197057012473,5.41998900346591,5.3,5.5,30.196,14.054,2.758,0.754,21.34,10.473,7.157,18.629,6.461,7.414,1.494,4.152,6.03024492508477,35.6,6.307,7.60351506136332,4.167,9.94793817545676,3.98085442407908,0.611,6.512,2.603,3.4,4.708,3.68,13.695,7.064,7.38445233898678,5.30385646073927,13.93,0.87,8.01,9.449,11.938,3.244,14.342,6.365,2.846,13.4,4.317,3.3,13.109,7.15,10.4710896476613,1.841,19.585,22.705,7.15013674904188,7.15013674904188,12.334,22.675,12.27,15.83,20.005,6.36418816479738,6.36418816479738,6.36418816479738,15.627,8.39,8.897,3.094,7.2,3.45,3.672,1.1,3.348,3.99,1.987,17.22,16.348,7.644,8.3,3.193,5.62,1.8,8.694,5.65,4.85948587608005,10.02,7.8,8.134,10.24,1.955,10.611,10.714,5.91952290919851,8.988,16.834,5.566
1996,7.878,7.6816226939442,4.32685070034471,13.928,28.268,16.177,12.4585943877988,17.11,9.3,8.509,5.282,8.1,11.46,1.177,2.51,14.71,24.4,9.483,13.82,1.246,1.392,2.375,21.682,21.593,8.035,5.153,12.5,2.446,3.095,12.844,0.963,8.06,9.62,14.1980943997497,5.84,10.3630367762026,0.7,6.897,7.414,3.12,11.81,4.774,3.156,20.049,6.16,4.039,9.68,7.61,3.1,3.852,6.844,27.172,6.485,6.88342868446174,3.16713936232141,3.12070620503968,3.12119458500169,4.422,9.0,7.68,7.215,5.31,9.915,22.074,3.121,11.6458051517727,10.2686228030506,9.98342568855379,9.94996550467078,11.1438232362614,4.623,15.572,12.367,11.92,17.325,10.192,11.5,8.822,7.091,10.402,8.283,2.156,4.509,2.994,11.542,7.304,4.95292940806701,7.73545491106261,4.37,2.83,10.022,6.03438037229408,5.71148576928971,3.79689239249563,4.50463277928782,4.26268902692163,3.6,7.537,4.861,9.1,8.516,11.692,8.455,11.864,6.611,3.383,13.7,12.96,2.773,3.153,2.048,0.7,1.647,2.45,4.67637018700231,8.29119463249977,8.24140904744954,8.26787405014723,20.7,4.46841497543362,8.413,15.709,2.397,19.212,16.4,5.46029557811034,4.78873569181807,6.37600769762175,3.286,4.261,6.092,4.94,2.52,1.019,1.421,6.329,9.764,9.503,5.465,7.96657131190278,8.20998075616307,8.22167447864504,5.50883774297394,7.9,5.53,30.173,13.362,2.763,0.753,22.844,10.446,6.421,18.64,6.29,7.12,1.498,4.043,5.86183271562099,38.8,5.036,7.54860880642088,4.254,9.99515701713923,4.01560097752488,0.6,6.728,2.728,8.15,4.929,3.607,12.684,7.298,7.55967472307922,5.18139865547561,13.64,0.87,6.74,9.665,11.507,3.515,14.33,5.804,2.831,13.2,4.313,3.57,11.341,6.879,10.3911667521844,1.875,19.463,22.5,7.11279594729808,7.11279594729808,12.314,22.142,11.35,16.33,20.343,6.28008010794966,6.28008010794966,6.28008010794967,15.605,10.88,9.547,3.684,7.221,4.05,3.475,1.071,3.372,3.606,2.404,16.25,16.061,6.629,10.3,3.169,7.65,1.836,8.189,5.451,5.02054476197626,11.93,10.7,8.091,11.77,1.93,10.647,10.726,5.98379612550455,9.585,15.3,6.151
1997,7.863,7.64190636706094,4.29679829052344,16.872,25.43,16.064,11.9963600041588,14.82,10.8,8.367,5.15,9.1,9.76,1.125,2.698,14.61,17.1,8.95,12.68,1.1,1.393,2.08,22.586,21.031,9.003,5.204,13.7,2.412,3.124,13.01,0.638,7.859,9.1,13.6119469585577,5.797,9.39172805883786,0.732,6.685,7.136,3.23,12.14,4.561,3.171,19.886,5.68,3.964,9.71,7.1,3.4,4.674,5.4,27.176,6.323,6.76187367957394,3.25632597864275,3.21237864407138,3.2129923203788,4.424,8.37,7.98,7.263,5.4,10.369,22.5,3.227,11.6700563091428,10.5181612217563,10.6542403206707,10.123820205318,10.9465383712559,4.725,14.967,12.566,11.866,17.166,9.999,11.5,9.861,7.639,10.472,9.67,2.145,4.477,2.951,11.565,7.003,4.88719727776726,7.73809408031265,3.32,2.22,8.991,6.14475484858296,5.7948041343638,3.77455453239581,4.48812474892138,4.24281908464435,3.72,7.574,4.684,9.68,8.269,10.191,9.751,11.985,6.693,3.374,13.74,13.01,2.818,3.253,2.608,0.7,1.739,2.354,4.94668708418151,8.14011323257484,8.10277013017074,8.12385222071718,14.9,4.46179286285131,8.62,15.822,2.195,19.151,14.13,5.5008309341595,4.81739630149601,6.36894933628588,2.527,3.225,5.971,4.69,2.45,1.25,1.411,6.328,9.788,9.381,4.235,7.77681950155754,7.99731851319209,8.00919483294535,5.55040548213861,7.9,5.608,30.219,14.025,2.7,0.764,24.45,10.512,5.511,18.382,6.857,7.1,1.503,3.964,5.40301547573426,36.0,4.687,7.2525797614352,4.196,10.1294672610186,4.1590180797063,0.611,6.588,2.854,5.36,4.762,3.592,10.964,6.571,7.36478723006136,5.08085494178219,13.8,0.87,5.515,11.813,11.087,3.78,14.414,5.283,2.759,13.8,4.363,2.5,11.894,6.648,10.337837085904,2.009,18.899,22.549,7.15153632180334,7.15153632180334,12.068,20.698,10.6,20.47,20.133,6.24071131444565,6.24071131444566,6.24071131444565,15.324,10.56,10.359,4.127,7.31,4.15,3.342,0.873,3.406,3.618,2.877,15.01,15.94,6.841,11.0,3.209,8.93,1.906,7.072,5.0,5.08286012255765,11.44,10.9,8.221,11.16,2.87,10.547,10.522,6.01023468033378,10.223,13.273,6.93
1998,7.869,7.68263780767572,4.30483459729659,20.042,26.85,16.29,11.9519989476751,12.65,9.4,7.684,5.483,10.0,7.65,1.114,2.893,12.4,14.0,9.322,14.31,1.048,1.4,2.121,23.494,20.86,10.15,5.356,12.2,2.44,3.156,13.055,0.712,7.695,8.278,13.0418053985954,5.773,9.18697418361695,0.725,6.278,7.307,3.24,15.0,4.614,3.195,19.898,5.33,4.1,11.392,6.23,3.3,6.455,5.039,27.027,6.304,6.86942892859097,3.54773877147608,3.3824223282411,3.38360539136196,4.389,8.03,7.1,7.332,5.501,9.51,23.214,3.481,11.2281731488537,10.6928774380072,11.4943269237354,11.0176037980024,10.5276376311465,4.746,13.214,12.074,11.791,17.152,9.898,14.53,9.787,8.2,12.227,7.74,2.145,4.501,3.349,11.687,7.165,4.95315415735027,7.8136083000035,4.02,4.58,8.925,6.37504928029892,5.99453525255224,3.89184762940828,4.55306281554256,4.32588898871647,3.069,7.596,5.459,10.358,8.064,7.699,10.749,12.117,6.846,4.078,13.841,13.13,2.843,3.461,6.963,0.7,1.861,2.293,5.21710249367688,8.48626182410088,8.49516318168235,8.50383489490465,14.454,4.54336018416755,8.571,15.913,2.061,19.192,13.711,5.67905337092445,4.93323039545111,6.40244796685833,2.763,4.607,5.901,4.921,3.2,1.489,1.342,6.326,9.975,9.253,3.733,7.86215125968508,8.09262446768442,8.10371343099382,5.73346203456749,10.0,5.752,30.21,13.359,2.64,0.772,23.083,10.526,4.394,18.519,7.718,7.203,1.381,3.922,4.88226202925985,34.5,3.737,7.2199536786199,4.346,9.95866567854553,4.26267963599519,0.62,6.397,2.86,4.417,5.099,3.697,9.935,4.64,7.39692261448223,5.05997209739088,13.46,0.87,5.63,13.261,11.255,4.127,14.398,4.752,2.751,13.7,4.242,3.41,12.421,7.39,10.0913118732191,2.155,18.825,22.739,7.16874708180548,7.16874708180548,12.095,18.673,9.17,21.6,20.521,6.26619463242025,6.26619463242025,6.26619463242025,15.352,10.63,8.941,3.568,7.376,4.65,3.283,3.404,3.5,3.78,3.348,14.21,15.473,6.888,12.2,3.424,11.32,2.068,6.198,4.511,5.34643900852976,9.362,13.3,8.223,11.15,2.29,10.446,10.451,6.15918420896507,10.828,12.0,6.381
1999,7.877,7.72993010885893,4.49044730082985,20.835,28.575,16.543,12.1410531058538,14.05,11.2,6.876,4.699,10.9,7.45,1.112,3.088,10.61,12.8,8.649,12.84,0.949,1.4,2.299,24.441,18.224,11.125,5.415,14.1,2.552,3.133,13.071,0.727,7.595,7.583,12.5019625854356,5.767,10.6183180697798,0.753,5.91,11.158,3.25,20.06,4.544,3.23,20.141,5.9,4.421,13.559,6.26,5.532,8.702,5.141,26.742,6.312,7.06616766110044,3.65945976901506,3.47579200535286,3.47870712039455,4.656,7.95,7.3,7.417,5.604,11.573,23.868,3.714,10.5366850850791,10.5851773676979,11.9116471065413,11.3939211887159,10.2140715975986,4.698,11.693,11.981,11.701,17.599,9.737,13.8,8.854,10.1,12.138,13.95,2.113,4.517,3.269,11.771,7.2,5.09795696108793,7.69993896665627,3.85,6.25,6.929,6.62456222247388,6.21177940907711,3.91434730814139,4.68079961939734,4.41683561103049,2.178,7.583,6.358,11.176,7.979,5.804,11.183,11.681,6.813,4.677,13.763,13.46,2.884,3.67,6.342,0.7,2.001,2.154,5.4707305770275,9.42701702915778,9.38389731336932,9.48237924552907,13.79,4.64071146154898,8.787,16.167,2.006,19.233,13.388,5.86810693270968,5.05156686872663,6.48785481144387,2.39,6.34,5.822,5.002,3.43,1.726,1.358,6.325,10.033,9.278,2.598,8.10473132845309,8.36545993025763,8.37484954351616,5.92815470503886,11.14,5.844,30.471,13.94,2.663,0.75,21.668,10.549,3.622,18.205,7.023,7.18,1.385,3.986,4.55171801715172,32.4,3.247,7.16498343192011,4.433,10.6854506886027,4.30498832186484,0.625,6.168,2.939,5.343,5.011,3.751,12.29,4.579,7.1145514900882,5.10317808800889,11.81,0.87,6.239,13.036,11.569,4.489,14.352,4.346,2.655,13.7,4.288,4.85,16.099,7.324,10.4073769208229,2.194,18.847,22.884,7.17195172652658,7.17195172652658,12.138,15.475,8.88,18.09,20.542,6.3708112055776,6.3708112055776,6.3708112055776,15.399,13.6,7.607,3.053,7.6,4.45,3.219,2.968,3.633,3.889,3.69,13.12,15.21,7.687,12.7,3.46,11.864,2.195,6.042,4.219,5.59898722126335,10.466,13.3,8.29,14.53,2.33,10.172,10.382,6.27847611028835,11.46,12.498,6.0
2000,7.897,7.66876829683373,4.53131047835059,19.023,29.77,16.646,12.6227231888262,15.0,11.107,6.288,4.687,11.78,7.118,1.081,3.27,9.35,12.193,6.586,10.841,0.864,1.655,2.439,25.446,15.88,10.889,5.53,16.218,2.687,3.137,13.024,0.745,7.533,6.829,11.7427630641232,5.722,12.1493697321005,0.796,5.351,10.491,3.26,20.52,4.4,3.245,19.872,5.08,4.835,16.064,5.45,4.766,8.764,4.476,26.664,6.432,7.07281148454185,3.56333033432491,3.43001128152857,3.43334970499077,4.8,8.98,6.96,7.444,5.656,13.36,24.547,3.499,9.62410987839098,9.68483091902418,11.0183192610913,10.7462183942089,9.6992067646065,4.697,11.134,10.218,11.583,17.848,9.722,10.82,7.917,10.456,11.345,15.32,2.143,4.586,3.358,11.917,8.443,5.14154508627694,7.02330313623046,3.883,4.92,6.563,6.5378671665525,6.13816528121627,3.82333592364451,4.73287488547404,4.41879573758311,1.936,7.589,6.077,11.698,8.038,4.318,11.102,10.834,6.752,4.748,13.7,12.75,2.884,3.653,4.063,0.8,2.143,2.045,5.29485034456226,9.4445224692252,9.43023989036824,9.52894893986909,14.211,4.69058823718314,8.641,16.169,2.018,19.275,15.931,5.85095700176626,5.11443156843013,6.51091230520836,2.345,6.874,5.8,5.045,3.0,1.97,1.412,6.324,10.03,9.125,2.646,8.4169385368672,8.70973223936551,8.71870374230222,5.90554769116785,8.539,5.992,30.447,13.58,2.832,0.712,20.3,10.531,2.725,17.907,6.13,7.181,1.427,3.953,4.27316817166147,32.2,3.458,6.71100200632985,4.433,11.0177711399269,4.40485764939109,0.614,6.188,2.92,7.61,4.959,3.77,14.928,3.806,6.53699120304108,5.13391983978484,10.08,0.87,6.969,10.581,11.699,4.733,14.4,4.57,2.638,12.6,4.137,3.7,18.546,6.918,10.4220070497304,2.446,18.678,22.788,7.17647475389305,7.17647475389305,12.309,13.785,7.74,16.49,20.8,6.35294746056262,6.35294746056262,6.35294746056262,15.595,12.873,5.466,2.658,9.587,4.15,3.129,2.389,3.529,4.162,3.966,12.1,14.94,6.495,11.73,3.531,11.707,2.25,5.558,3.992,5.5440284421365,12.627,12.301,8.266,13.99,2.26,9.834,10.625,6.11136985422602,11.557,12.93,5.685
2001,7.973,7.55388452430262,4.46563029423928,18.57,27.3,16.668,12.49820212983,17.32,11.012,6.747,4.007,10.91,6.87,1.118,3.609,9.85,11.561,6.178,9.07,0.766,1.9,2.623,26.485,18.54,10.649,5.558,19.921,2.748,3.154,13.242,0.778,7.46,7.219,11.1794403357232,5.77,13.4981128132324,0.792,5.041,10.39,3.8,15.04,4.379,3.251,19.88,6.051,5.195,15.822,4.08,4.043,8.128,4.164,26.597,7.262,7.1563905809364,3.96606605575514,3.85850449672084,3.85578728070638,4.252,9.26,6.96,7.551,5.74,13.134,25.24,3.16,8.68043359773922,9.0564200675213,10.7447066639553,10.6408534193536,9.20662418982846,4.692,10.29,8.61,11.665,17.827,9.64,11.16,7.773,9.615,10.764,13.213,2.251,4.584,2.958,11.796,9.728,5.07110613621308,6.87071224329616,4.0,5.09,5.671,6.68806846107529,6.25511128517531,3.72882194919706,4.77529106040507,4.41300801781456,1.874,7.611,6.082,12.362,8.249,3.684,11.812,9.599,6.641,5.02,14.7,10.43,2.876,3.676,3.699,0.8,2.273,1.881,5.47907914783063,9.04975653454107,8.98514907364224,9.1432735656305,13.821,4.72380835168631,8.499,16.081,2.104,19.239,16.84,5.99852495062941,5.10425398198014,6.50399927324373,1.805,6.371,5.35,5.221,3.53,3.038,1.332,7.107,10.132,9.14,2.627,8.42943669202,8.66782939884288,8.72286096614539,6.06529717812631,7.366,6.111,30.542,12.46,2.838,0.689,21.009,10.502,2.119,17.391,5.433,7.222,1.47,3.9,4.97961964201139,30.52,3.738,6.61732244402856,4.298,10.9398104204621,4.51782547170457,0.611,6.293,2.801,6.206,5.068,3.698,18.435,3.829,6.38359327702813,5.12153810037018,11.4,0.87,6.561,8.978,11.732,4.96,15.73,4.618,2.674,12.8,4.235,3.76,19.148,5.682,10.2393243248864,2.642,18.665,22.652,7.23245898235974,7.23245898235974,12.278,10.348,7.9,18.538,21.1,6.25911261802644,6.25911261802644,6.25911261802644,15.56,12.047,4.73,2.49,11.63,3.75,2.994,2.6,3.386,4.108,4.368,10.88,14.4,8.381,10.898,3.522,11.061,2.443,4.696,4.731,5.80136022985993,15.052,11.279,8.415,13.04,2.76,9.969,21.493,6.18991573511442,11.724,13.404,5.313
2002,7.867,7.51149338877195,4.27392083907488,17.891,25.9,16.432,12.5062276655765,19.59,10.888,6.375,4.852,10.04,9.05,1.137,3.966,10.32,10.874,6.91,10.04,0.69,1.854,2.603,27.477,21.277,10.641,5.652,18.11,2.862,3.168,13.379,0.862,6.711,7.665,11.3083250951395,5.809,13.9609765303477,0.769,5.313,10.168,4.24,14.481,4.372,3.179,19.644,6.396,5.508,15.053,3.31,3.336,7.28,4.274,26.589,6.779,7.39006412287729,4.26557821608325,4.17741336740834,4.16950098114092,4.825,10.01,6.2,7.646,5.794,10.026,25.771,3.054,8.88672719145059,9.07870920871455,10.5396612637819,10.702874375174,9.5656358156472,4.772,10.423,8.702,11.71,17.376,10.039,12.59,8.482,8.711,10.346,11.39,2.254,4.549,3.146,11.81,11.008,5.03903619896395,7.19400136875408,4.02,7.28,5.608,6.90119517399481,6.42004833349401,3.53946096491474,4.84933668416053,4.39538296144678,2.988,7.681,6.604,12.8,8.619,4.216,12.888,9.211,6.616,5.386,15.3,9.33,2.916,3.644,3.046,1.1,2.416,1.775,5.66563235164984,9.38790662648606,9.33585929151463,9.50084872810719,13.829,4.81408543577446,8.248,16.079,2.222,19.281,13.008,6.19417254239003,5.06387678784652,6.57940223280792,2.621,6.278,5.515,5.248,3.48,4.094,1.36,6.902,10.201,8.205,3.003,8.48914200309222,8.66928035849805,8.74924905373015,6.2794627269579,6.845,6.2,30.356,11.59,2.902,0.685,21.538,10.593,2.554,17.045,5.282,7.517,1.808,3.669,5.97486412366027,31.94,4.022,7.13987676171849,4.335,10.2407776645491,4.61174676237171,0.615,6.302,2.756,9.393,4.84,3.616,20.211,4.497,6.77664467622594,5.0724611452453,11.94,0.87,8.112,7.875,11.432,4.975,17.63,5.265,2.82,13.8,3.909,5.65,18.541,5.922,9.84688576834024,2.698,18.658,22.579,7.34580672778149,7.34580672778149,12.235,11.146,8.76,20.39,20.623,6.15545043361504,6.15545043361504,6.15545043361504,15.514,11.187,4.965,2.924,10.94,3.95,3.023,1.82,3.371,4.087,4.683,10.39,14.55,10.358,10.141,3.5,10.136,2.659,5.037,5.783,6.09771736070604,16.648,10.256,8.598,16.17,2.12,10.227,27.465,6.41192315850576,11.839,14.131,5.005
2003,7.844,7.4720424200925,4.1682062921006,16.985,23.72,16.445,12.4496966444039,15.36,10.769,5.933,4.779,9.17,10.84,1.126,4.32,11.0,10.191,7.68,10.342,0.747,1.8,2.654,28.424,23.8,11.168,5.743,13.733,2.78,3.145,13.604,0.909,5.908,7.574,11.5380632882928,5.809,13.2764246828022,0.725,5.644,9.765,4.58,13.221,4.559,3.057,19.877,6.654,5.847,13.924,2.33,4.153,7.777,5.398,26.484,6.938,7.29621887458035,4.47961803252938,4.428076738741,4.41684389931735,5.662,10.91,6.9,7.701,5.79,11.288,26.259,3.008,9.12146121246139,9.11346744115473,10.3043605492778,10.290974644155,9.70782702151941,4.74,10.469,8.306,11.751,17.126,9.991,11.51,9.779,7.728,9.839,9.693,2.807,4.628,3.169,11.529,12.151,4.99178021799851,7.31975182069287,5.3,7.86,5.79,6.97665523180592,6.47146966831216,3.42217572676054,4.86883782766902,4.36679845445489,3.997,7.633,6.657,11.529,8.959,4.478,13.505,8.869,6.534,5.251,14.5,8.78,2.869,3.668,3.348,1.3,2.548,1.639,5.90243541524635,9.25661869657505,9.20720625106016,9.38382565258049,12.061,4.88937432863617,8.061,16.056,2.42,19.074,12.874,6.25409528839094,5.00409578843454,6.58965998612598,3.675,5.995,5.01,5.165,3.61,5.126,1.272,7.488,9.911,8.318,3.455,8.30300037305323,8.45544746199598,8.52231485976772,6.34937695144509,6.378,6.768,30.39,11.92,2.857,0.686,22.104,10.644,3.593,16.665,4.745,7.6,2.145,3.637,6.15326151532504,36.69,4.221,7.27483771000377,4.599,10.6409211857421,4.51420593104194,0.612,6.303,2.628,6.814,4.15,3.527,19.899,6.132,6.86199228387437,5.04587122100171,11.78,0.87,6.95,8.21,11.658,5.038,16.36,5.563,2.781,15.2,3.879,5.93,17.549,6.479,10.1507838382451,2.286,18.648,22.679,7.33330344756806,7.33330344756806,12.234,11.283,8.22,22.18,19.985,6.09002400306892,6.09002400306892,6.09002400306892,15.515,10.336,5.555,4.117,10.28,3.85,3.053,1.54,3.54,3.957,5.18,10.48,14.51,10.542,9.289,3.6,9.057,2.903,4.807,5.989,6.20263523475666,16.661,9.22,8.659,16.78,2.25,10.574,23.004,6.4840269461924,12.014,14.704,4.738
2004,7.794,7.27852246959678,4.08698904128015,16.306,17.65,16.313,11.4271164700074,13.522,10.676,5.399,5.969,7.99,10.2,1.064,4.316,9.57,9.463,7.363,10.586,0.79,2.49,2.615,29.279,21.755,10.072,5.847,12.037,3.48,3.177,13.456,1.004,5.087,7.185,10.2916036767948,5.729,12.8914606604503,0.672,5.848,10.162,4.49,13.717,4.571,2.976,19.896,6.445,5.915,13.664,1.854,4.77,8.298,5.204,26.441,6.303,7.18946151700737,4.42980737625595,4.42310310906886,4.41127089940087,5.002,10.32,6.8,7.658,5.704,10.248,26.716,2.776,9.348951357228,9.05651425282142,9.96727145258182,10.1363077374344,9.86057517861666,4.7,10.358,8.914,11.702,17.108,9.948,12.62,10.727,6.758,10.628,7.7,2.971,4.709,3.226,11.281,13.415,4.85136488879186,7.09580038296239,5.99,6.74,5.832,6.81767500872433,6.31917928815113,3.27695586964826,4.7859524360758,4.26095308105496,4.031,7.598,7.303,10.3,8.715,4.491,13.029,7.866,6.539,4.734,14.626,8.4,2.844,3.62,3.42,1.7,2.68,1.498,5.70845578270121,8.75018243421292,8.70252011336982,8.88029213614675,11.708,4.84650569132879,7.85,16.154,2.424,18.938,10.684,6.12111625915839,4.84831075367826,6.48629456582569,5.113,4.904,3.951,4.964,3.54,6.151,1.413,7.317,9.77,8.337,3.937,7.54776306570901,7.62342664414024,7.69407412818457,6.21906740046783,6.374,6.851,30.342,10.83,2.953,0.677,22.09,10.652,4.646,16.31,4.005,6.41,2.751,3.59,5.70124819512877,37.161,4.256,7.17441119702139,4.693,10.6266524019735,4.3406725276094,0.598,6.097,2.526,6.513,4.71,3.554,18.822,6.319,6.67204910657906,4.96212948847294,10.31,0.87,7.719,7.763,11.699,5.162,16.12,5.822,2.775,18.5,3.42,5.84,18.206,6.012,9.79947038236949,2.026,18.653,22.567,7.30632128284372,7.30632128284372,12.256,11.09,8.38,20.97,19.545,5.94433087548822,5.94433087548822,5.94433087548822,15.538,9.49,6.693,4.316,9.513,3.45,3.105,1.51,3.668,3.992,3.878,8.33,14.23,10.838,8.419,2.699,8.59,2.965,4.594,5.529,6.05455318877558,12.98,8.152,8.432,15.07,2.14,10.266,23.215,6.32979745144597,12.131,15.332,4.39
2005,7.878,7.10041371887931,4.09641162927698,15.966,15.27,16.295,11.2344112966755,11.506,10.584,5.036,5.682,7.26,10.2,1.021,4.25,9.08,8.759,8.44,10.91,0.859,3.1,2.598,30.218,19.852,10.551,5.973,10.083,4.0,3.162,13.439,1.061,4.4,6.758,9.98480572264988,5.691,12.0311529429654,0.663,5.833,9.34,4.52,11.062,4.527,2.948,19.796,6.749,6.023,12.598,1.95,5.481,7.927,4.83,26.448,6.587,7.11332854467778,4.47463469156014,4.50383702137591,4.49019174546575,3.779,11.049,7.22,7.667,5.721,8.033,27.221,2.497,9.16921983218386,8.7318165816003,9.31364245463686,9.62072328847468,9.63100586720302,3.886,9.602,8.882,11.722,16.91,9.92,13.81,11.193,5.816,10.074,7.0,3.059,4.814,3.184,11.085,14.559,4.68922289072775,6.78167259931937,4.909,5.58,7.189,6.7433312220245,6.23544419009254,3.2286448044491,4.6516678563648,4.15643920973113,2.547,7.551,7.945,11.813,8.57,4.237,11.342,7.73,6.577,4.446,14.8,8.13,2.739,3.576,3.482,1.455,2.816,1.35,5.63125210477498,8.23739951394743,8.18339925036928,8.34365571129642,10.033,4.78646677820371,8.249,16.031,2.413,18.66,8.325,6.07307040352156,4.68515443204862,6.39814038693,4.488,4.158,2.62,4.935,3.53,7.313,1.367,6.923,9.59,9.524,3.558,7.65760282606948,7.79217578193013,7.84838151626538,6.18100517194098,5.633,7.015,30.31,11.01,3.035,0.672,22.108,10.59,5.872,15.778,3.807,5.37,3.1,3.727,5.25750859640354,37.32,4.381,6.8314671013283,4.589,10.5021202220473,3.8404573462192,0.583,5.967,2.385,4.825,4.87,3.795,17.592,7.582,6.4091008362879,4.93387732610229,11.35,0.87,7.174,7.124,11.842,5.212,16.47,6.051,2.679,20.85,3.734,5.59,16.276,6.506,9.58922696945574,1.879,18.671,22.472,7.24801932806737,7.24801932806737,12.266,9.146,7.67,18.7,19.461,5.84614199165635,5.84614199165635,5.84614199165635,15.545,9.302,7.81,4.437,8.81,3.45,3.193,1.35,3.611,4.149,2.542,7.95,12.872,10.636,7.495,1.9,7.18,3.12,4.884,5.084,6.04628742550639,12.009,7.092,8.121,10.663,2.078,10.228,20.016,6.22399179620437,12.213,15.9,4.632
2006,7.897,7.03560059961336,3.96900207619704,15.626,12.27,16.123,10.5176425576734,10.078,10.497,4.785,5.32,6.62,7.54,1.021,3.591,8.73,8.066,8.246,9.39,0.888,3.13,2.575,31.11,17.782,9.692,6.061,8.951,3.67,3.185,13.378,1.16,3.729,6.484,8.69394120180955,5.61,10.124914494498,0.716,5.571,9.024,4.43,11.088,4.482,3.174,19.563,5.926,6.017,11.13,1.913,4.593,7.141,3.897,26.382,5.654,6.88954096317128,4.351012904116,4.3960838573092,4.3836448453094,3.55,10.49,6.57,7.612,5.707,5.915,27.693,2.337,8.4404790481661,8.17297527475334,8.7030435256555,9.15632666629247,8.68896256105534,3.957,8.935,8.832,11.768,17.805,10.241,13.57,10.277,4.897,8.906,7.4,2.96,4.863,3.143,10.7,15.866,4.59642816898817,6.3039356566465,3.574,4.77,7.494,6.51847415278713,6.01942694309996,3.13594252329219,4.46410290906953,4.0014311767834,2.83,7.553,7.551,11.519,8.411,4.355,10.707,6.777,6.605,4.192,14.0,7.79,2.673,3.55,3.254,1.3,2.962,1.199,5.38097826380605,7.61413600233204,7.55497236157597,7.7076777430645,7.03,4.66764776059219,8.679,16.054,2.28,18.805,5.78,5.88469145974764,4.67868387277946,6.25064125113883,4.731,3.822,2.945,4.954,3.32,8.345,1.395,6.798,9.313,9.04,3.566,7.22108801251314,7.33599436897474,7.39019405991603,5.97972371507844,4.26,7.193,24.815,9.67,3.037,0.676,21.848,10.609,5.007,15.256,3.857,5.31,2.528,3.749,4.81614136114576,36.392,3.397,6.34618116260618,4.387,9.68343911516973,3.81456389998427,0.582,5.792,2.285,5.277,4.17,4.052,13.794,7.649,5.994063325313,4.90998713639371,11.01,0.87,7.27,7.055,11.586,5.321,16.65,6.254,2.755,20.85,3.89,4.48,13.395,5.95,8.74041678886564,1.916,18.705,22.304,7.16089355787342,7.16089355787342,12.268,8.452,6.5,16.0,19.162,5.75538288432853,5.75538288432854,5.75538288432854,15.542,9.142,7.066,3.995,8.17,3.65,3.299,1.22,3.634,4.229,1.09,6.27,12.51,10.227,6.601,2.264,6.81,2.964,5.472,4.623,5.81135995546678,10.844,6.035,8.006,8.606,2.046,9.734,19.014,5.97382359730159,12.349,13.229,4.767
2007,7.841,6.98058891496815,3.94820495192994,15.966,13.79,16.066,10.1456780757217,8.47,10.394,4.381,4.909,6.33,7.88,1.006,4.015,7.41,7.41,7.459,8.51,0.902,3.7,2.614,28.984,16.976,9.28,6.187,6.878,3.3,2.404,13.294,1.257,3.063,6.156,8.1976990614565,5.562,7.80912922603523,0.839,5.23,8.427,4.35,11.204,4.474,3.404,19.909,4.557,6.284,9.909,1.788,3.946,5.316,3.801,26.292,5.158,6.8238682430718,4.30429852915007,4.37680263860099,4.36462589942474,3.142,8.8,6.41,7.592,5.719,4.592,28.24,2.337,7.52316793797376,7.24696438985174,7.59407523011705,8.61312246579108,7.5031053820411,4.109,6.854,8.008,11.74,18.257,10.425,13.28,8.732,5.104,8.351,8.3,2.847,4.787,3.125,10.84,16.8,4.54506136589078,5.69663126724595,3.211,4.01,7.406,6.33250535472639,5.86213546063134,3.01249783655869,4.50752544150733,3.98489680875933,2.251,7.562,8.06,10.772,8.646,4.98,9.379,6.076,6.607,3.888,13.1,7.26,2.642,3.547,3.013,1.5,3.094,1.068,5.11709007503548,7.22630490484512,7.18560904807712,7.31214733545694,6.052,4.72894569655668,8.98,15.942,2.232,18.771,4.25,5.79597099801048,4.71846521406053,6.1604873702491,4.065,3.269,3.202,4.876,3.31,9.421,1.372,6.472,9.482,8.475,3.628,6.82070410411982,6.96341976204585,7.01816989858009,5.88198217147033,2.749,7.2,19.4,9.56,3.082,0.684,22.12,10.642,4.153,14.754,3.661,4.89,2.021,3.794,4.78243165759455,35.231,2.493,5.88940261869547,4.309,9.04975553505642,3.76264674833736,0.398,5.665,2.169,4.713,4.08,3.434,9.551,7.965,5.57196004328002,4.87191262111388,10.93,0.52,6.413,6.002,11.58,5.425,16.021,5.734,2.8,18.06,4.022,3.9,11.16,4.818,8.20829015972595,1.978,18.687,22.26,7.2019977638481,7.2019977638481,12.266,8.232,5.97,14.0,18.934,5.71458050648746,5.71458050648746,5.71458050648746,15.534,9.017,6.161,3.641,8.42,2.874,3.023,1.18,3.523,3.822,1.21,5.54,12.365,10.285,5.719,2.667,6.351,2.934,5.399,4.622,5.70858976228737,9.403,4.99,6.855,7.279,2.026,9.523,18.282,5.77491185936386,12.486,10.559,5.008
2008,7.879,6.95926232871186,3.96808904592347,13.06,11.33,16.152,9.87515901443002,7.837,17.1,4.242,4.198,5.86,8.18,1.015,4.49,8.12,6.728,6.976,8.18,0.895,3.848,2.603,23.405,16.293,8.268,6.312,5.609,3.501,1.634,13.307,0.825,3.386,6.284,7.8711908829552,5.51,6.60116715977237,0.922,5.295,9.285,4.59,11.273,4.416,3.627,19.962,4.934,6.382,8.53,1.583,3.756,4.392,3.683,26.183,4.764,6.76572719306619,4.38194930101755,4.45880440548548,4.44442036989862,3.917,8.517,5.88,7.571,5.683,5.455,27.891,2.326,7.50283392231425,7.16897078667497,7.37988688857846,8.58123430648126,7.24163431745465,4.187,6.369,7.386,11.76,19.212,10.065,17.87,7.508,5.144,7.664,8.892,2.898,4.803,3.157,11.018,16.204,4.5262370792047,5.93249084408943,3.156,3.56,7.817,6.30181703865489,5.84641495837857,3.04378002820466,4.60439548603495,4.05687082523928,2.946,7.629,7.208,10.63,8.466,6.774,7.704,6.723,6.666,4.002,12.7,6.63,2.751,3.48,2.959,1.75,3.207,0.944,5.14867990448764,6.83921032197309,6.7530751478709,6.91574463042059,7.739,4.78702697123613,7.666,15.851,2.221,19.041,5.826,5.7950809136433,4.84535966951225,6.18448761271065,5.06,2.999,3.431,4.796,3.34,10.361,1.383,5.977,9.715,7.17,3.874,6.58386551452509,6.76464093439402,6.84334845869645,5.87208459437414,2.097,5.565,17.15,9.57,3.112,0.7,22.005,10.597,3.658,14.36,4.167,6.2,1.584,3.792,5.83652846325955,33.93,2.521,6.20560204861274,4.142,8.87238702238271,3.66517406587763,0.423,5.639,2.168,4.415,4.03,3.72,7.069,7.553,5.90228542517582,4.86836540696563,11.48,0.31,5.787,6.205,11.517,5.538,15.421,5.085,2.816,13.67,4.132,3.96,9.514,4.371,8.00243712798649,1.998,18.714,22.407,7.29504082041586,7.29504082041586,12.298,11.254,5.22,12.72,18.79,5.71119279179789,5.71119279179789,5.71119279179789,15.566,8.854,6.235,3.35,10.94,4.942,2.775,1.18,3.434,3.279,1.279,4.63,12.444,10.965,4.852,3.035,6.363,2.818,5.748,5.784,5.67683744867821,8.025,4.89,5.663,6.245,1.889,9.605,22.913,5.82419029603435,12.656,7.93,5.401
2009,7.808,7.02933493362019,4.00441257217998,13.674,10.16,16.383,9.46079216862091,8.645,19.295,5.565,5.371,5.74,14.25,1.07,5.0,10.02,6.1,7.908,8.323,0.95,3.96,2.973,24.068,16.169,9.419,6.457,6.817,3.723,1.622,13.517,0.579,3.743,8.46,9.18808540593253,5.575,8.51650875155537,0.943,6.674,11.313,4.72,12.066,4.303,3.882,19.844,7.824,6.573,9.202,1.67,5.594,6.662,6.409,26.325,5.467,6.88223725605258,4.47420796985744,4.43923742826889,4.42509624520043,4.608,9.087,7.33,7.702,5.757,13.548,27.488,2.326,9.57439638727687,9.05895187341576,9.09793178837198,10.1856136243961,9.21120412957521,4.309,8.249,9.122,11.963,19.76,9.778,20.71,7.88,5.362,9.546,9.3,3.22,4.914,3.163,11.307,15.398,4.57407582008614,8.04050429042724,3.292,5.26,10.03,6.61644359608536,6.10349138905202,3.09853098089253,4.6806678937123,4.1230776222485,7.22,7.636,6.106,12.113,8.415,12.609,9.534,7.749,7.314,5.068,12.9,6.55,2.816,3.48,3.363,1.64,3.343,0.835,5.57785428299668,7.81478715032184,7.67986013495104,7.89406164784247,17.515,4.8829128853627,6.355,16.115,2.241,19.29,13.785,5.97569476954537,4.73327277894085,6.24199736272978,5.194,3.58,3.885,4.732,3.62,11.697,1.406,6.896,10.214,7.257,5.356,6.71404844364157,6.88122796682575,6.94800177686091,6.07794731544178,3.024,5.86,19.09,8.96,3.207,0.712,22.271,10.582,4.352,13.97,6.121,8.16,1.208,3.763,9.16994852137916,32.351,3.1,8.38089327283664,3.977,10.7283220301547,3.60850865304197,0.535,5.857,2.089,5.46,3.96,3.858,8.131,9.432,8.07274225977277,4.90149804162028,15.0,0.31,6.859,8.301,11.625,5.646,15.136,5.377,2.807,16.116,4.268,5.86,12.023,5.858,9.49383006346729,2.02,18.724,23.523,7.3628078548039,7.3628078548039,12.438,17.857,5.85,15.37,19.365,5.76570980698131,5.76570980698131,5.76570980698131,13.0,8.72,8.351,4.109,8.14,7.028,2.5,1.49,3.289,2.847,1.419,5.28,13.29,14.026,4.0,3.6,8.84,2.932,7.683,9.254,5.97493735808703,7.74,5.04,4.565,6.097,1.737,10.864,20.452,6.40956451671123,12.762,10.583,5.476
2010,7.809,7.33948885318777,3.99179170645225,14.086,9.96,16.595,9.57178825247491,7.714,19.523,5.214,4.883,5.63,14.435,1.13,3.379,10.69,6.052,8.293,8.412,1.04,3.32,2.609,27.312,17.86,8.42,6.487,10.279,3.725,1.615,10.67,0.771,4.11,8.178,8.80934904598808,5.658,9.92718738959061,0.911,7.024,8.547,4.53,11.153,4.19,4.098,19.3,7.171,6.607,11.62,2.5,6.359,7.281,7.746,26.368,5.212,6.69836499671353,4.22455076502669,4.17487787059342,4.16370037437203,4.088,8.757,4.893,7.847,5.854,16.707,26.856,2.295,10.1761738210052,9.11732766770857,8.67633640799942,9.54059516043394,9.87327234610775,4.345,8.394,9.279,12.133,20.39,9.673,20.203,7.043,5.384,12.719,8.2,3.497,5.018,3.121,11.632,15.244,4.78571428120254,8.18131945166258,4.119,4.329,11.172,6.38041154792517,5.89357507981921,3.14320402026914,4.54322123586762,4.04830534732675,7.564,7.631,5.614,13.679,8.267,14.534,8.48,8.363,7.63,5.102,12.5,5.77,2.793,3.419,3.324,1.82,3.503,0.708,5.25181815855478,7.21826756521545,7.13684615492128,7.26042689855492,19.482,4.75811575185378,6.768,16.068,2.266,19.321,17.814,5.77935702058715,4.88680873352339,6.16608125522985,4.423,2.84,4.28,4.78,3.32,10.875,1.375,6.861,10.093,7.654,5.303,6.85675050559872,7.05144257493513,7.123332390198,5.85407842097449,2.972,6.549,19.649,9.09,3.259,0.725,22.12,10.563,4.991,13.998,6.557,7.83,0.718,3.744,9.47758645184374,33.135,3.527,8.5207939102318,3.911,11.1281009935269,3.50675202326758,0.653,5.845,2.002,4.569,3.6,3.605,9.578,10.771,8.34726962592943,5.09524000558138,16.1,0.45,6.959,7.407,11.637,5.621,14.628,5.55,2.795,19.204,4.34,4.12,14.387,7.236,9.64092506344516,1.617,18.741,24.683,7.16328861819797,7.16328861819797,12.473,19.86,4.784,17.118,19.924,5.94056421498979,5.94056421498979,5.94056421498979,15.168,7.15,8.61,4.808,8.61,7.037,3.03,0.622,3.301,2.379,1.501,4.033,13.049,11.879,4.0,3.623,8.1,2.798,7.973,9.633,5.65648139349247,7.158,5.36,4.681,7.112,1.114,11.059,21.416,6.28118787402205,12.777,13.19,5.469
2011,7.83,7.303350943492,3.97007365881551,13.481,9.96,16.77,10.6873951414609,7.18,18.884,5.083,4.637,5.42,14.52,1.21,3.737,11.19,6.024,7.14,8.424,2.647,3.23,2.255,27.582,18.049,7.578,6.506,11.26,3.827,1.602,10.956,0.577,3.988,7.637,8.82531756416261,5.638,9.80960842319458,0.92,7.244,7.492,4.55,10.288,4.12,4.317,19.435,9.518,7.144,13.678,3.18,7.942,6.712,7.769,26.31,6.087,6.60736243902951,4.13091004622057,4.12377298395066,4.11479448813573,3.458,11.849,4.297,7.837,5.801,12.328,26.105,2.27,10.2805136631252,8.8511592613399,8.10364260938392,8.88391871872232,9.92888294564936,4.406,7.781,9.228,12.257,19.895,10.276,19.632,5.967,4.213,17.973,13.3,3.169,5.024,3.072,11.811,14.506,4.74535045997051,7.81133658494185,4.474,3.422,11.029,6.26592646975982,5.80496166155309,3.19533203358853,4.57016379793951,4.08445007343374,7.028,7.609,5.153,12.491,8.193,15.354,7.139,8.359,8.034,4.55,12.9,5.39,2.699,3.516,2.992,2.051,3.644,0.96,5.11922021804218,6.71534566285068,6.63768103519111,6.73516198738484,16.206,4.85771679502528,7.352,16.115,2.211,19.504,15.39,5.71399266887495,4.93009373956315,6.27731511483382,5.122,2.56,2.516,4.829,3.05,10.043,1.403,6.388,9.976,7.447,5.175,7.23452105809906,7.52714837608606,7.58032093040946,5.78106658586154,2.677,4.769,19.759,8.91,3.295,0.749,19.481,10.627,4.977,13.988,6.491,6.613,0.316,3.77,8.80784798616693,31.502,3.196,8.12208995143807,3.95,10.5303011113759,3.44436830760268,0.796,4.03,2.62,4.67,3.477,3.592,9.576,12.715,8.06019449389029,5.14866591361225,15.7,0.56,7.177,6.571,11.756,5.68,14.229,5.77,2.853,22.959,4.388,3.89,13.634,8.166,9.25275015749216,1.292,18.761,24.639,7.17458097714582,7.17458097714582,12.585,21.39,4.118,18.86,20.006,5.91593755883997,5.91593755883997,5.91593755883997,17.44,7.54,7.804,4.409,8.626,7.04,3.47,0.66,3.385,1.982,1.594,3.425,18.334,9.789,4.003,3.523,7.851,2.587,8.195,8.949,5.46548968228103,6.307,4.96,4.811,6.902,0.999,11.337,17.597,6.14906482504464,13.311,10.548,5.368
2012,7.875,7.10873740350119,3.98291438560293,13.376,10.97,16.539,11.0650966632009,7.217,17.511,5.225,4.909,5.19,14.02,1.2,4.07,11.59,5.962,7.542,8.378,2.458,2.05,2.066,28.01,17.916,7.251,6.571,12.27,3.849,1.593,11.145,0.505,3.836,7.392,8.99563754734034,5.58,10.014837051229,0.886,8.028,6.79,4.58,9.959,4.091,4.485,19.491,9.11,7.223,16.046,3.46,12.097,6.979,7.798,26.179,6.722,6.70184146782176,4.0605301268473,4.06044851591873,4.05276045051969,3.235,12.597,3.843,7.761,5.692,10.021,25.226,2.252,11.4328240980269,9.07096034933149,7.63560375277808,8.60097981057876,10.8758482088061,4.375,7.689,9.841,12.134,19.661,10.346,19.653,5.372,3.126,24.731,12.2,2.765,4.874,3.135,12.029,14.1,4.56094900790948,7.72288058823355,3.755,3.285,11.003,6.18009390756913,5.80125250741964,4.08486021677751,4.57527350048646,4.40051440115524,6.0,7.645,4.468,12.275,7.965,15.451,6.762,10.655,8.695,4.358,12.2,5.29,2.678,3.542,2.812,2.227,3.786,1.208,5.02938218164513,6.42118292240463,6.35784018295865,6.43477941830029,15.047,4.84635217073716,7.952,15.761,2.146,19.03,13.365,5.74186303825936,5.02464737699713,6.4803901072349,5.03,1.97,0.599,4.949,3.04,9.134,1.462,6.203,9.864,7.472,4.892,8.34766826613965,8.83376247941241,8.88951819638217,5.80334478008198,2.189,3.905,19.808,8.99,3.304,0.768,16.771,10.632,5.821,14.116,6.931,5.208,2.177,3.761,7.99588953313322,31.096,3.129,8.1052243905592,3.753,10.5345766634014,3.54707816512722,3.667,3.691,2.634,4.085,3.238,3.504,10.031,15.509,8.11703125262048,5.06492902606905,14.5,0.48,6.794,5.484,11.671,8.752,13.59,5.622,3.896,24.0,4.378,3.72,13.966,8.841,9.31406963085983,0.984,18.771,24.727,7.23720359721905,7.23720359721905,12.803,24.789,3.88,19.06,19.833,5.8029961583218,5.8029961583218,5.8029961583218,16.973,8.1,7.976,4.491,13.8,7.022,3.223,0.58,3.47,2.029,1.638,3.718,17.63,9.21,3.994,3.551,7.529,2.323,8.279,8.069,5.37033176143252,6.451,4.87,4.936,6.601,1.027,11.387,19.202,6.15209851207895,13.473,7.85,5.057
2013,7.921,6.88972223038428,3.71010995935874,15.866,9.82,16.464,11.0350018909533,7.1,16.576,5.663,5.367,4.97,16.18,1.184,4.426,11.55,5.942,8.425,8.349,2.198,2.87,2.437,27.49,18.167,7.071,6.709,12.941,4.054,1.584,11.398,0.438,3.686,7.143,8.87950796126762,5.566,10.076189699493,0.955,8.572,6.361,4.6,9.246,3.98,4.469,19.845,8.218,4.255,17.231,3.29,16.131,6.953,7.384,26.149,7.351,6.67711092742994,4.05303743028521,4.06245777272466,4.05506180796151,3.083,13.154,3.693,7.675,5.624,8.631,24.556,2.251,12.0184063277941,9.26791651199215,7.69053724382223,8.56358395138192,11.3511730368596,4.356,8.193,9.913,12.027,19.736,9.454,19.416,5.316,2.173,27.686,11.5,3.017,4.944,3.173,12.296,13.704,4.27857896799128,7.63564838816418,5.646,3.4,10.177,6.18706162531591,5.76329271095437,3.70433029886193,4.51023719758888,4.22340373585698,5.376,7.678,4.336,10.595,9.222,13.735,6.137,12.149,9.698,4.038,12.6,5.2,2.762,3.567,3.067,2.465,3.881,1.469,5.01097351607565,6.37856594564285,6.33724541486795,6.39401761164224,11.867,4.78988464462384,8.477,15.926,2.08,19.311,11.77,5.7005501665021,4.83743364823059,6.45704652862978,6.045,1.82,0.995,4.978,3.14,8.295,1.517,6.115,9.926,7.322,4.921,7.92975020058705,8.39834200288349,8.46109583177143,5.77644112078398,1.894,4.231,19.585,9.23,3.345,0.775,19.028,10.666,7.241,14.39,5.839,5.28,1.401,3.711,7.34976348971497,29.017,3.425,8.00520155093803,3.553,10.7696689681663,3.42532155080918,2.954,3.674,2.698,4.385,3.575,3.497,10.293,16.237,8.01055138462552,4.86973350643787,14.3,0.28,7.096,5.513,11.768,8.772,12.476,5.6,5.012,22.154,4.376,3.86,14.226,10.103,9.42789036106017,0.694,18.655,24.561,7.31372620028363,7.31372620028363,12.665,26.094,4.186,22.21,19.356,5.57489984928367,5.57489984928366,5.57489984928367,16.273,6.6,8.052,4.747,14.5,7.019,2.93,0.249,3.57,2.084,1.75,2.683,15.934,9.713,3.993,1.91,7.17,2.125,7.752,7.375,5.33490578969923,6.444,4.86,5.038,7.54,1.316,11.802,19.894,6.09934489950025,13.673,7.272,4.948
2014,7.915,6.86242857576034,3.89018286622866,18.055,10.207,16.372,11.0319261608507,7.268,17.498,6.078,5.674,4.91,13.8,1.144,4.417,12.17,5.908,8.523,8.244,1.952,2.63,2.021,27.517,18.484,6.755,6.862,11.424,4.255,1.572,11.689,0.692,3.534,7.023,8.61294822432626,5.633,8.87370489824698,0.984,8.319,6.761,4.63,8.799,3.984,4.436,19.696,8.499,3.274,17.209,2.7,16.277,6.108,6.925,26.16,6.719,6.61419058154874,4.02541580416077,4.05853741844698,4.05030843985024,3.48,13.105,4.154,7.669,5.637,7.352,23.931,2.361,11.6207304139349,8.94532051297809,7.62801272694854,8.96073635337147,10.8255885011473,4.323,8.663,10.273,11.894,19.873,8.191,17.439,4.979,4.403,26.708,7.6,2.717,5.044,3.285,12.637,13.808,4.29007836108981,7.03903527191047,7.078,3.296,7.725,6.16790791106399,5.72458407935885,3.3801313878636,4.53885193995517,4.1251730610122,4.897,7.656,4.049,10.68,10.59,11.858,5.789,12.683,9.046,3.589,11.9,5.06,2.767,3.509,3.082,2.9,4.02,1.733,4.93887259586478,6.18310613899892,6.11295170625168,6.20935559864304,10.846,4.74956834449145,8.84,16.066,2.079,19.295,10.698,5.67803935391165,4.82574056731072,6.37232192580877,6.044,1.67,1.385,4.967,2.88,7.461,1.476,5.737,10.026,7.467,4.819,7.64519859427481,8.07837404021819,8.14794947550081,5.75311900107613,1.45,4.798,18.054,9.7,3.377,0.763,18.521,10.62,7.419,14.59,5.428,4.52,0.524,3.9,6.26083245211775,28.215,3.486,7.41355981597454,3.453,10.4617084896957,3.39737128470569,1.827,4.391,2.54,5.034,3.208,3.6,8.971,13.88,7.46206202944811,4.85956498950861,13.9,0.2,6.802,5.212,11.837,8.72,11.428,5.877,5.849,19.223,4.678,3.74,11.536,9.668,9.17019543151895,0.73,18.595,24.89,7.29419854752289,7.29419854752289,12.561,24.441,4.157,21.583,19.237,5.62977664752398,5.62977664752398,5.62977664752398,15.41,6.94,7.954,4.826,14.782,7.024,2.125,0.576,3.618,2.141,1.914,2.477,14.259,9.901,4.005,2.357,9.27,1.999,6.398,6.168,5.34707785695012,6.547,5.09,5.137,6.821,1.256,11.871,20.526,5.9574710533091,13.467,6.576,4.774
2015,9.032,6.9309412585873,4.1727731083969,17.193,11.206,16.472,11.1524464292006,7.577,18.261,6.055,5.802,4.96,12.0,1.164,4.397,9.803,5.881,8.482,7.578,1.886,2.45,3.111,27.695,18.915,8.538,7.703,9.143,4.472,1.449,11.923,0.393,3.518,6.945,8.22453564269079,5.775,7.81260796234007,1.032,7.928,6.605,4.65,8.572,4.031,4.441,20.02,8.415,2.573,16.15,2.4,15.026,5.048,6.278,26.063,7.605,6.79324404164611,4.08987694775025,4.13377205147225,4.12458341898818,3.616,13.052,3.998,7.778,5.751,6.412,23.431,2.442,10.8477448563899,8.55823248897774,7.60801134268431,8.9610543144391,10.0165353301996,4.288,9.376,10.354,11.794,19.943,7.226,16.506,4.612,6.806,24.981,6.9,2.506,5.15,3.168,13.009,13.785,4.42098675547524,6.55114180038431,6.147,3.314,6.813,6.30417535482962,5.89281637093057,4.00215322009935,4.66516707695412,4.42667989026364,3.979,7.629,4.514,11.166,10.865,9.908,5.176,11.896,8.825,3.385,13.075,4.93,2.762,3.523,3.546,2.2,4.138,2.006,5.11139944235291,6.67695891386519,6.6503628849075,6.72924741273479,9.873,4.8279816293117,9.312,16.223,2.557,19.69,9.12,5.85653298559457,4.94520983003529,6.50959624268599,6.796,1.81,1.785,4.953,3.1,6.611,1.404,5.389,10.104,7.41,4.311,8.36498933286657,8.96791885955849,9.05052035727651,5.93705456165038,1.781,4.861,17.555,9.46,3.426,0.766,20.791,10.643,6.872,13.621,5.415,4.7,0.556,4.134,5.4606408215288,26.395,4.296,6.86087280016011,3.403,9.99952511697503,3.37020462675283,3.566,4.335,2.507,4.556,3.272,3.068,7.475,12.405,6.88380194224391,4.92874848701502,12.0,0.17,6.812,5.615,11.831,8.901,10.591,5.6,6.757,17.66,4.483,3.79,11.492,8.962,8.78391504425952,0.736,18.495,25.149,7.27349261228767,7.27349261228767,12.464,22.057,4.519,20.84,19.135,5.78723856454759,5.78723856454759,5.78723856454759,14.39,7.22,7.432,4.801,14.244,7.033,2.009,0.597,3.678,2.204,2.022,2.428,15.159,10.304,4.016,2.681,9.14,1.793,5.552,5.28,5.55781700600781,7.488,5.15,5.168,6.139,1.848,11.649,23.005,5.9985085966435,17.9,5.951,5.399
2016,10.116,7.07442880999326,4.16910166908106,15.418,10.202,16.572,10.8617161429412,8.088,17.617,5.711,6.064,5.0,12.7,1.19,4.35,8.247,5.844,7.83,7.0,1.834,2.707,3.498,25.408,19.328,11.58,8.537,7.575,4.598,1.352,12.085,0.716,3.529,7.038,8.52897625860849,5.793,6.47626986745334,1.091,7.469,6.926,4.56,8.922,4.117,4.528,20.298,8.085,1.896,13.015,2.0,13.006,3.952,5.989,25.982,7.284,6.7341480328496,4.00393781457677,4.0503221911626,4.04312471702124,4.597,12.45,4.418,7.798,5.772,6.882,22.718,2.556,9.98608545604403,8.07810956714781,7.43861188713932,9.03756351375215,9.1056944627421,4.319,8.818,10.057,11.727,20.117,6.244,16.604,4.104,5.256,23.514,5.4,2.583,4.997,3.139,13.263,13.902,4.36188759881032,6.11023166310052,6.727,3.392,5.115,6.41617806380602,5.9532852798488,3.73137542358032,4.65649793185176,4.32363603508757,2.978,7.611,4.301,12.618,10.82,8.374,4.723,11.688,8.634,3.132,15.275,4.96,2.757,3.574,3.65,2.16,4.294,2.634,5.2806539060794,7.73682468877475,7.76472151764398,7.82039688517988,9.643,4.89297336347609,9.794,16.138,3.081,19.559,7.862,5.93516153167366,5.04961130545723,6.39025580143606,6.669,1.939,1.949,5.011,3.44,5.771,1.367,4.694,10.287,6.814,3.853,8.0751146709309,8.66507565229991,8.75542082657381,6.01421235038408,1.591,7.235,17.732,9.3,3.65,1.058,23.352,10.714,6.007,12.679,5.147,3.9,0.55,4.499,5.10340701910414,24.312,4.68,6.43777999780825,3.266,9.69565767751643,3.36311039358415,2.285,4.717,2.478,5.255,3.741,2.695,6.141,11.058,6.41054588620563,5.00843089695962,11.8,0.15,5.901,5.591,11.788,9.063,9.684,5.6,4.455,15.257,4.182,4.08,9.679,8.0,8.66740053405155,0.736,18.611,26.536,7.25080318686175,7.25080318686175,12.854,19.635,4.242,19.932,19.029,5.86589334716284,5.86589334716284,5.86589334716284,13.656,7.917,6.99,4.918,13.798,7.036,1.931,0.688,4.657,2.968,2.048,3.207,15.557,10.899,4.026,3.002,9.35,1.64,4.909,4.869,5.7624084064723,7.841,5.16,5.197,5.319,1.848,11.734,23.939,5.97088327776689,18.42,5.244,5.896
2017,11.184,7.21491501896869,4.28464574730964,13.616,12.0,16.617,11.1152019032057,8.347,17.704,5.592,5.561,5.0,9.8,1.18,4.372,8.62,5.648,7.09,6.596,1.691,3.027,3.655,20.527,19.671,12.792,9.316,6.164,4.662,1.25,12.24,0.141,3.573,6.426,8.24674002522057,5.836,5.27719000843769,1.132,6.881,7.257,4.47,9.086,4.049,4.613,20.737,7.729,3.272,11.078,1.7,11.155,2.893,5.833,26.064,5.832,6.71806478492721,3.87456480348735,3.92821339454137,3.9216662036523,3.836,11.767,4.385,7.843,5.804,5.807,24.543,2.665,9.01311660134066,7.48554226672131,7.09014958895511,8.94336027365094,8.13208945121752,4.418,8.64,9.409,11.595,20.307,5.097,13.939,3.781,3.369,21.413,5.418,2.462,4.86,3.089,13.466,13.932,4.36920088303381,5.57808653810898,5.528,3.124,4.156,6.39131744182123,5.97437329582885,4.34851254345894,4.63010594547981,4.52920643847786,2.742,7.626,3.783,12.232,13.02,6.713,4.14,11.211,7.399,2.822,18.12,4.9,3.542,3.498,3.653,2.23,4.425,3.268,5.27038544833334,8.02820612705932,8.06804526490034,8.12865999426483,8.715,4.95341590091408,10.258,16.379,3.067,19.053,7.073,5.97968341182999,5.14359043444685,6.47118842422572,5.523,1.981,2.123,5.046,3.41,5.377,1.498,4.008,10.336,6.752,3.419,8.5198428948238,9.15400226751887,9.25338345180518,6.05518297615024,1.622,6.359,16.082,9.22,3.935,1.356,21.748,10.66,4.837,11.676,4.736,3.3,0.556,4.83,4.57971738602629,22.857,4.164,5.9177915757262,2.523,9.26010688179757,3.40034043733734,3.204,5.338,2.58,6.138,3.691,2.552,4.867,8.878,5.85021474599449,5.2669199218143,10.8,0.14,4.927,5.238,11.875,9.4,8.808,5.89,4.078,13.477,3.656,4.2,8.142,6.564,8.32778127632623,0.727,18.455,27.035,7.24969569674111,7.24969569674111,12.983,17.224,4.046,19.136,19.024,5.99391143462101,5.99391143462101,5.99391143462101,13.0,7.905,6.718,4.797,13.603,7.035,1.854,0.83,4.254,3.744,2.137,3.389,15.33,10.919,4.035,3.428,9.5,2.462,4.501,4.355,5.77337201527055,7.89,5.83,5.247,5.045,1.874,11.445,25.677,5.89802388961045,18.611,4.529,6.35
2018,11.192,7.24484282680541,4.33609979249296,12.304,12.112,16.602,10.6546406452031,9.22,18.966,5.345,4.933,4.9,10.0,1.188,4.439,8.321,4.763,5.941,9.346,1.426,3.35,3.519,18.4,19.665,12.329,8.7,5.211,4.695,1.147,12.17,0.129,3.608,5.837,8.59708625490841,5.825,4.29483445753775,1.135,6.344,7.623,4.31,9.36,3.975,4.632,20.84,9.01,2.852,8.322,1.7,8.504,2.246,5.131,26.18,5.861,6.77526130131479,3.75442452697159,3.81860609641702,3.81235265554938,3.53,9.855,4.006,7.818,5.756,5.412,26.471,2.811,8.089323082041,6.87656497801786,6.64992815855912,8.61159005290134,7.24247265095853,4.523,7.361,9.018,11.599,20.459,4.055,12.667,3.384,3.204,19.179,5.45,2.283,4.835,3.127,13.627,13.934,4.33410256985773,5.0794494069113,5.648,2.805,3.667,6.28190637378299,5.91052378397874,4.76275439835545,4.57603095021492,4.64268643897519,2.704,7.652,4.387,12.195,13.458,5.741,3.917,10.538,5.47,2.467,18.257,4.85,4.284,3.409,3.824,2.202,4.559,2.897,5.05006029808032,7.93331984460849,7.9491088470884,8.03589728630349,7.412,4.87754288880162,10.755,16.614,3.058,18.865,6.147,5.93231543498439,5.08766017796121,6.50468294481071,5.589,1.803,2.303,5.021,3.3,4.962,1.62,3.956,10.411,6.426,3.275,8.53535637968998,9.1788143786994,9.28194998275843,6.00981501156322,1.239,5.377,15.19,9.272,4.21,0.767,19.877,10.593,3.832,11.702,4.335,5.2,0.536,5.069,4.10721129091519,21.208,3.801,5.47444010714932,1.8,8.78845724438525,3.35231302156857,4.083,5.161,2.65,6.217,3.492,2.338,3.835,6.966,5.29340998979908,5.32927480343501,9.2,0.11,4.187,4.871,10.759,8.649,8.712,6.029,3.453,12.733,3.192,3.613,6.544,5.108,8.10689854999494,0.722,18.7,26.906,7.28140399591901,7.28140399591901,12.853,15.255,4.318,19.329,19.005,6.03233771776817,6.03233771776817,6.03233771776817,12.347,7.817,6.365,4.713,13.505,7.028,1.792,0.765,3.765,2.9,2.248,3.497,15.459,10.956,4.036,3.249,8.799,2.236,4.145,3.896,5.67121545409166,8.336,5.392,5.353,5.468,1.161,11.703,26.256,5.7595415280045,17.593,5.032,6.788
2019,11.187,7.45910636823544,4.39390284484525,11.466,12.302,16.497,10.2137182910936,9.843,18.304,5.143,4.56,5.0,9.336,1.217,4.504,8.41,4.165,5.364,9.053,1.214,2.72,3.682,15.692,20.094,11.936,6.6,4.148,4.493,1.043,12.123,0.119,3.632,5.69,8.21142514691839,5.916,3.76072643211224,1.077,6.185,7.493,4.56,10.28,3.926,4.605,20.494,10.807,2.401,6.551,1.705,7.155,2.015,5.018,26.257,6.356,6.30970549335686,3.82442011949597,3.91155753249547,3.90432643103478,3.812,7.851,4.17,7.917,5.812,4.514,28.222,2.928,7.44468187207381,6.62369460842729,6.70220366105967,9.11807057814077,6.67705052747452,4.661,6.695,8.415,11.591,20.371,4.481,11.565,3.163,3.067,17.045,5.405,2.193,5.018,2.413,13.172,14.095,4.32898652284681,4.76095962548232,5.698,2.917,3.411,6.06655916125813,5.76754375212112,5.0804070213856,4.58715903592676,4.76341458315545,3.507,6.51,3.59,10.74,14.096,4.95,3.731,9.884,4.987,2.351,16.801,4.8,5.014,3.439,3.746,2.213,5.45,2.531,5.19591640696366,8.00061467672947,8.0031866353429,8.10633851896146,6.312,4.87497607678154,11.301,16.876,3.071,19.087,6.255,5.79766416170734,5.12297180265082,5.93973395532034,5.592,1.73,2.479,4.964,3.33,4.562,3.29,4.08,10.416,6.331,3.477,8.33082967841649,8.96317446023269,9.06488013658605,5.86054208956752,1.502,9.024,15.128,9.191,4.462,0.407,19.929,10.477,3.379,10.88,4.109,5.457,0.531,5.206,3.890566885067,17.414,3.684,5.38695191058807,2.045,8.37803693303246,3.32798136589447,4.83,6.256,2.651,6.595,3.379,2.237,3.267,6.422,4.93863793927205,5.38924122021237,8.3,0.1,3.912,4.513,11.236,7.858,8.835,5.636,2.863,10.395,3.204,3.1,5.761,4.446,7.75168865751208,0.746,18.828,28.468,6.30644937347767,6.30644937347767,12.656,14.104,4.67,15.613,19.248,6.18089551293782,6.18089551293782,6.18089551293782,11.697,7.755,6.833,4.394,13.369,7.026,1.735,0.716,3.148,2.036,2.165,3.523,17.153,13.73,4.035,3.057,8.194,2.331,3.657,3.669,5.80585688987594,8.836,4.936,5.444,5.89,1.681,11.774,25.34,5.58847960382446,17.213,5.538,7.373
2020,11.71,7.97430164130982,4.7993062016358,11.639,14.08,16.696,11.2951503646669,11.461,18.175,6.394,5.201,7.24,12.016,1.765,5.539,10.586,4.049,5.545,10.763,1.518,5.03,7.903,15.868,21.017,13.697,7.409,5.037,4.59,1.03,14.65,0.172,3.881,9.657,9.95181592662355,6.519,4.3496421220328,1.695,6.633,10.934,5.0,15.983,4.468,5.355,22.286,16.432,2.588,7.389,2.233,7.755,2.55,5.644,27.701,6.126,7.36417086549936,4.29658340250273,4.38103635885362,4.36943697408605,6.116,7.974,5.008,8.625,6.375,6.956,32.978,3.998,7.78262585986041,7.09507940679226,7.20291679357834,9.26814225066227,7.05471356704802,5.054,7.759,8.009,12.963,21.279,5.84,11.734,3.881,3.178,15.899,6.241,2.965,6.007,2.887,15.308,15.573,5.02089641432522,6.46030036409899,10.982,5.808,4.248,6.95128407575739,6.61408029513375,5.79415278844651,5.36883540058505,5.52030439819486,5.478,7.859,4.255,9.687,15.766,5.623,4.169,9.192,6.501,2.809,19.213,4.89,5.613,3.624,3.931,3.489,5.945,2.349,5.93153762506637,10.214072797585,10.1125058323335,10.355452107179,8.098,5.60086950090988,13.252,18.385,4.102,19.651,8.487,6.61993043653694,5.80412040229029,7.01028456505462,6.766,2.542,3.292,5.72,4.54,5.42,3.528,4.856,11.051,8.626,4.44,9.14819309323363,9.67954007701653,9.77596723068346,6.69849633442843,1.206,6.413,17.878,11.189,5.019,1.476,21.003,13.037,3.82,13.558,4.595,6.18,0.591,5.714,8.2305997250471,16.575,4.424,7.15007422562512,2.94,9.99575648409841,3.30655660526839,5.994,14.663,2.903,7.548,7.179,2.522,3.155,6.85,6.72548575920498,5.89078404749377,8.89,0.14,5.035,5.62,11.829,7.467,9.679,7.66,3.432,9.011,3.509,4.1,6.719,4.971,9.20499420465331,0.868,19.414,29.217,7.62561175204578,7.62561175204578,14.246,15.532,5.364,25.224,20.635,6.65249326111529,6.65249326111529,6.65249326111529,11.995,8.973,8.291,4.817,15.179,7.576,1.792,1.099,2.808,2.231,2.712,4.206,17.651,13.148,4.489,3.819,9.475,4.294,4.472,8.055,6.47637385311808,10.413,5.293,4.046,7.53,2.103,14.366,25.895,6.58768935720693,17.963,6.032,8.617
2021,12.006,8.40741154700022,4.67076109003218,11.474,13.656,15.799,10.8627489086684,8.736,15.469,5.022,6.459,6.04,11.078,1.548,5.457,11.015,3.9,6.248,10.302,1.833,4.803,5.089,14.897,23.106,13.158,4.905,5.166,4.511,1.118,13.932,0.396,3.976,7.527,9.71327125079923,6.701,4.44508031221282,1.53,6.643,9.281,4.55,13.898,4.394,5.289,21.998,15.139,2.623,7.483,2.11,7.513,2.803,5.065,27.628,7.702,6.74359581980053,4.06219092494546,4.14006542894987,4.13328662810016,4.504,7.441,4.327,8.821,6.489,6.178,34.153,3.935,7.69446992680361,6.90011121093882,6.78803635122713,8.95407922243149,7.02659354012655,5.225,7.617,7.871,12.558,21.223,6.213,11.785,3.594,3.2,14.656,6.0,2.174,5.815,3.016,14.576,15.296,4.93715177073133,5.56341269080663,8.506,5.174,4.021,6.31312953704222,6.14426628538333,5.813781237265,5.4758211874645,5.59743166548829,6.029,6.38,3.827,9.282,16.173,6.357,4.812,9.497,5.188,2.808,19.837,5.568,5.693,3.692,3.639,2.97,5.149,2.08,5.50538471355182,9.14468412313157,9.08714668261223,9.26330031941499,7.513,5.73711716533604,12.715,18.214,3.844,19.779,7.112,6.16482463440876,5.83298884904326,6.2565962013459,5.571,2.221,3.498,5.652,4.64,5.016,4.006,3.754,11.131,7.719,4.019,9.00366611562493,9.58930430798614,9.6948074926195,6.19670261206739,0.794,7.871,16.543,10.551,5.413,4.34,20.931,12.241,4.209,11.574,3.776,6.076,0.806,5.404,5.59210953628448,15.801,4.359,6.19605024177905,1.9,9.49668399234599,3.35468526106548,6.338,10.177,3.03,7.311,5.097,3.398,3.268,6.712,5.80602995350964,5.76848661848567,7.9,0.14,5.59,4.749,15.775,6.664,9.563,6.621,3.436,9.843,3.551,4.64,6.894,4.744,8.82676059647368,0.879,19.662,34.007,6.33048938390488,6.33048938390488,13.95,14.914,4.981,20.514,20.356,6.84750929089377,6.84750929089377,6.84750929089377,11.087,8.706,8.803,5.013,14.887,7.687,1.876,1.215,2.344,2.344,2.111,4.446,16.632,11.969,4.458,3.416,9.834,3.105,4.864,5.349,6.15372931005527,9.328,5.364,4.776,7.027,2.383,13.508,26.39,6.04556088000376,18.312,5.197,9.54
2022,14.1,7.86947018999245,3.59653801462938,10.785,12.382,14.124,9.74413095599936,6.805,13.451,3.728,4.992,5.65,9.25,1.265,4.593,7.261,3.574,5.57,8.682,1.685,5.947,3.552,12.657,23.615,9.231,5.191,4.148,3.828,0.909,12.239,0.245,3.646,5.279,8.29867755889038,6.287,3.96540582731722,1.081,5.923,8.249,4.98,10.541,3.879,4.54,20.131,11.325,2.31,6.811,1.829,6.806,2.224,4.434,26.272,5.504,5.64296814018676,4.10032254258298,4.24711639501186,4.23491194246921,3.713,6.546,2.999,8.334,6.033,5.571,36.472,3.386,6.72976967374639,5.8460641099346,5.62584537984402,7.71538545377934,6.16137258045926,5.403,6.719,7.303,11.793,20.319,6.067,11.621,3.137,2.87,12.426,5.383,3.051,5.174,2.666,11.907,14.54,4.43373072825994,4.50967974234969,8.774,4.318,3.583,5.56994264084484,5.38688118322023,4.7445653467311,4.84575036237372,4.80930057278539,3.789,4.822,3.462,9.085,15.41,4.465,3.695,8.069,4.083,2.614,18.2,4.86,5.565,3.457,2.857,2.133,4.767,1.209,5.19342173354142,6.93153207639263,6.83824311969363,7.01556949606688,6.815,5.05335918611166,11.105,16.623,2.956,19.238,5.955,5.41429545248604,5.26019458558182,4.99827575124402,4.588,2.446,3.186,5.02,3.93,4.303,2.387,3.471,10.52,6.322,3.256,8.23898776216766,8.83598059809406,8.9382675467404,5.42949094564465,0.909,5.954,14.851,9.413,6.789,3.063,19.615,10.661,3.526,10.71,3.299,4.969,0.403,3.827,3.83310095020415,14.476,3.231,4.99493064713263,3.3,9.01147513544492,3.60681620269367,5.291,8.086,2.689,6.755,4.291,2.598,2.811,6.138,4.52602226819937,4.97495099823102,6.0,0.13,5.614,3.867,15.084,5.048,8.964,5.589,2.837,8.439,3.137,3.591,6.143,4.011,8.21647080688741,1.475,19.112,33.268,4.86631704704624,4.86631704704624,12.475,13.033,4.528,15.934,19.277,6.08211610820712,6.08211610820711,6.08211610820711,7.53,7.973,7.417,4.122,13.245,7.051,1.573,0.94,1.537,1.965,2.002,4.383,15.3,10.465,4.017,2.885,N/A,2.872,3.768,3.65,5.75041485644261,7.877,4.456,5.077,5.646,1.57,12.092,24.42,5.23462796913747,17.224,5.993,10.087
2023,14.008,7.67654773372157,3.20335496340002,10.669,11.645,14.051,9.31338863204988,6.139,12.405,3.668,5.264,5.64,8.645,1.049,3.352,6.54,3.461,5.547,8.278,1.641,3.126,3.024,10.668,23.381,7.947,5.296,4.319,3.601,0.911,11.882,0.256,3.607,5.415,7.51281290895946,6.181,4.01230416616797,1.059,5.928,9.013,4.67,9.591,3.833,4.469,19.919,8.325,2.263,6.121,1.73,5.835,2.579,5.094,26.074,5.555,5.11313521249178,3.86187012642211,3.98514803684521,3.97712381690091,3.51,6.753,2.992,8.218,5.909,6.378,34.61,3.375,6.52267389015226,5.55238526456095,5.0769631792025,7.17961712726961,6.02643653344515,5.316,7.149,7.335,11.613,20.161,6.479,11.549,3.071,2.829,11.023,5.262,2.344,5.141,2.632,11.917,14.459,4.19910039388827,4.33657934041449,6.07,2.949,4.096,5.11483631019168,4.95229978677743,4.36958257524396,4.47548995238531,4.4365457830767,3.518,4.172,3.308,8.129,15.239,4.243,3.371,7.627,3.022,2.6,16.62,4.835,5.409,3.463,2.675,2.08,3.498,1.186,4.795456897897,6.19254754786298,6.06496995571875,6.26268991297245,6.465,4.70150733081641,10.985,16.348,2.905,18.713,6.841,4.97693562706687,5.07474818178355,4.44638060849243,5.184,2.206,3.044,5.009,3.858,4.019,2.947,3.479,10.37,5.571,2.765,7.79272191834479,8.59209919735259,8.59209919735259,4.96756774789441,1.57,5.178,13.146,8.896,6.661,2.977,19.154,10.437,3.535,10.922,3.734,4.698,0.407,3.074,3.8406106523085,13.174,3.574,4.82631374195204,3.176,8.44487902544127,3.52057525691559,5.237,6.544,2.649,5.794,4.899,2.2,2.743,6.498,4.46960383607434,4.65198898265421,5.725,0.13,5.589,3.076,12.352,4.92,9.032,4.008,2.784,8.268,3.092,3.444,5.843,3.652,7.66141080204045,1.443,18.96,32.098,4.16220090187648,4.16220090187648,12.374,12.179,4.528,12.094,18.348,5.76152900751665,5.76152900751665,5.76152900751665,N/A,7.699,7.611,4.043,13.27,7.037,1.565,0.733,1.525,1.942,1.652,3.361,15.106,9.388,4.007,2.754,N/A,2.151,4.025,3.638,5.36297560426889,8.355,4.434,5.011,5.407,1.645,11.358,N/A,4.84991713588619,16.944,5.861,9.348
2024,13.687,7.57169749274654,3.17491538811068,10.689,11.655,14.02,9.26592419265215,7.15,12.405,3.942,5.2,5.648,9.049,1.084,3.635,6.448,3.458,5.7,8.698,1.637,3.282,3.274,10.69,23.81,6.801,5.18,4.2,3.441,0.915,11.883,0.254,3.603,6.351,7.49180699898505,6.253,4.00056350955849,1.053,6.031,8.718,4.59,9.619,3.815,4.421,19.895,6.936,2.273,5.0,1.755,4.9,2.6,5.358,26.007,5.312,5.14374777945389,3.80594106189668,3.91959262359653,3.91370991631764,3.453,6.817,3.261,8.293,5.947,7.6,34.643,3.357,6.34778064605911,5.37221817940181,4.71563232155562,6.90688667537961,5.92300803762815,5.361,8.4,7.4,11.613,20.091,6.48,11.557,3.4,2.82,10.02,5.252,2.613,5.132,2.647,11.874,14.609,4.1513349312603,4.36900295139978,4.91,2.988,4.5,5.02160062447022,4.87492589830662,4.43949809013088,4.3967369419449,4.41260437296088,3.6,4.173,3.301,8.146,15.293,4.3,3.595,6.5,3.151,2.5,16.693,4.833,5.487,3.539,2.784,2.151,3.491,1.174,4.59750117083053,5.86943289832019,5.7278348014991,5.9308852770292,6.9,4.63280465033072,N/A,16.34,2.914,19.085,6.851,4.91415352193048,4.89022892217814,4.47150579245463,6.4,2.262,3.051,5.051,3.846,4.278,2.924,3.1,10.257,5.548,2.678,7.84018773728947,8.70657329890235,8.70657329890235,4.91644475196582,1.427,5.158,13.206,9.103,6.668,2.887,19.157,10.5,3.7,10.991,4.724,4.98,0.376,3.045,4.29029945331562,12.265,4.0,4.90917859417164,3.203,8.48668976701629,3.52751412823486,5.492,8.451,2.625,5.686,5.199,2.202,2.807,6.5,4.61212708203082,4.53734249793927,5.639,0.13,5.4,2.43,11.331,4.855,9.057,3.518,2.788,7.24,3.103,2.737,5.3,3.7,7.68067610421584,1.444,18.949,32.279,4.19214668978211,4.19214668978211,N/A,11.4,4.239,10.199,18.093,5.6711358365663,5.6711358365663,5.6711358365663,N/A,7.621,8.4,4.343,13.359,7.041,1.557,0.781,1.523,1.948,1.965,3.318,15.341,8.8,4.02,2.74,N/A,2.16,4.361,4.022,5.26143156011161,8.209,4.439,4.988,5.321,1.602,11.423,N/A,4.80627976615483,16.97,5.898,9.435
2025,13.351,7.53923324035891,3.19297271435272,10.926,11.633,14.108,9.19017299614363,7.145,12.871,4.09,5.582,5.457,9.207,1.102,3.778,6.524,3.38,5.906,8.856,1.589,3.227,2.967,11.037,24.477,5.97,5.277,3.536,3.477,0.922,11.939,0.263,3.602,6.907,7.55485245853424,6.251,4.14260588932297,1.057,6.169,8.974,4.615,8.29,3.819,4.434,19.876,6.843,2.323,5.002,1.746,4.924,2.825,5.529,26.015,5.092,5.15217207899997,3.80602951002153,3.92396383247478,3.91810951483912,3.308,6.781,3.303,8.337,5.978,8.313,34.202,3.323,6.28355946264135,5.35931988514529,4.62126731959311,6.84424613953164,5.92604538207809,5.347,9.461,7.542,11.662,20.154,6.521,12.097,3.711,2.979,8.54,5.569,2.604,5.163,2.673,11.962,14.944,4.14304356025997,4.40673460951033,4.92,2.799,4.521,4.97728646218035,4.84350017425836,4.42715825954522,4.43073240687791,4.42940600465558,3.625,4.219,3.237,8.301,15.485,4.632,3.489,6.391,3.286,2.451,16.535,4.771,5.449,3.545,2.683,2.181,3.526,1.187,4.49833547120506,5.45907691012021,5.28646121885159,5.50986634654456,6.568,4.66754018615311,N/A,16.315,2.884,18.758,6.731,4.88528914450382,4.89021265057929,4.50434385605843,6.343,2.347,3.041,5.072,3.764,4.514,2.831,2.896,10.319,5.635,2.673,7.78205479742957,8.69378066221379,8.69378066221379,4.88480834136692,1.505,5.233,13.572,9.0,6.628,3.047,19.291,10.465,3.874,11.174,5.076,5.04,0.394,3.064,4.51108669589749,12.256,4.637,4.92729125540891,3.251,8.59085524676197,3.51831083728422,5.42,8.36,2.571,4.803,5.117,2.235,2.976,6.164,4.69905638249338,4.54407578031541,5.991,0.13,5.992,2.133,11.363,4.996,9.132,3.038,2.735,7.123,3.15,2.818,5.359,3.175,7.75850083202263,1.431,18.948,32.391,4.24320442446027,4.24320442446027,N/A,10.376,4.005,9.452,18.003,5.66118665705316,5.66118665705316,5.66118665705316,N/A,7.834,8.694,4.873,13.569,6.931,1.572,0.781,1.592,1.995,2.008,3.329,15.108,8.52,4.267,2.746,N/A,2.174,4.746,4.198,5.18391394822957,7.516,4.622,5.073,5.307,1.523,11.443,N/A,4.7913330740211,17.322,5.918,9.293
